key,key:user-account,degree,overview,certifications,optional-link
manager-01,user-account-manager-01,"Test degree","Test overview","Test certifications","https://www.example.com"
manager-02,user-account-manager-02,"a","Manager with degree of 1 character","Test certifications","https://www.example.com"
manager-03,user-account-manager-03,"Lorem ipsum dolor sit amets consectetur adipiscing elits Morbi mattis nisis","Manager with degree of 75 characters","Test certifications","https://www.example.com"
manager-04,user-account-manager-04,"коза თხა","Manager with degree of foreign alphabet characters","Test certifications","https://www.example.com"
manager-05,user-account-manager-05,"Manager with overview of 1 character","a","Test certifications","https://www.example.com"
manager-06,user-account-manager-06,"Manager with overview of 100 characters","Lorem ipsum dolor sit amets consectetur adipiscing elits Curabitur tortor lectuss viverra non augues","Test certifications","https://www.example.com"
manager-07,user-account-manager-07,"Manager with overview of foreign alphabet characters","коза თხა","Test certifications","https://www.example.com"
manager-08,user-account-manager-08,"Manager with certifications of 1 character","Test overview","a","https://www.example.com"
manager-09,user-account-manager-09,"Manager with certifications of 100 characters","Test overview","Lorem ipsum dolor sit amets consectetur adipiscing elits Curabitur tortor lectuss viverra non augues","https://www.example.com"
manager-10,user-account-manager-10,"Manager with certifications of foreign alphabet characters","Test overview","коза თხა","https://www.example.com"
manager-11,user-account-manager-11,"Test degree","Manager with no link","Test certifications",""