key,enabled,identity,password,username
user-account-consumer-01,true,"UserIdentity{name: 'Peter', surname: 'Consumer', email: 'peter@acme.com'}",consumer1,consumer1
user-account-consumer-02,true,"UserIdentity{name: 'Mary', surname: '貸んい建濯よ芝弾テソ Λορεμ ιπσθμ', email: 'mary@acme.com'}",consumer2,consumer2
user-account-provider-01,true,"UserIdentity{name: 'Laurel', surname: 'Provider', email: 'provider1@acme.com'}",provider1,provider1
user-account-provider-02,true,"UserIdentity{name: 'Martina', surname: '국민경제의 발전을', email: 'provider2@acme.com'}",provider2,provider2
user-account-provider-03,true,"UserIdentity{name: 'Extenseeeeeeeeeeeeeeeeeeeeeeeeeeeeeeeeeeeeeeeeeeeeeee', surname: 'Provider', email: 'provider3@acme.com'}",provider3,provider3
user-account-provider-04,true,"UserIdentity{name: 'S', surname: 'P', email: 'provider4@acme.com'}",provider4,prov4
user-account-provider-05,true,"UserIdentity{name: 'العظمى واعتلاء', surname: 'Provider', email: 'provider5@acme.com'}",provider5,provider5
user-account-provider-06,true,"UserIdentity{name: '<h1>!</h1>', surname: 'Provider', email: 'provider6@acme.com'}",provider6,provider6
user-account-provider-07,true,"UserIdentity{name: 'S', surname: 'Pr', email: 'provider8@acme.com'}",provider7,prov7
user-account-provider-08,true,"UserIdentity{name: 'Extenseeeeeeeeeeeeeeeeeeeeeeeeeeeeeeeeeeeeeeeeeeeeee', surname: 'Provider', email: 'provider9@acme.com'}",provider8,provider8
user-account-administrator-02,true,"UserIdentity{name: 'Administrator1', surname: 'Acme', email: 'administrator1@acme.com'}",administrator1,administrator1
user-account-administrator-03,true,"UserIdentity{name: 'Administrator2', surname: 'Acme', email: 'administrator2@acme.com'}",administrator2,administrator2
user-account-manager-01,true,"UserIdentity{name: 'John', surname: 'Manager', email: 'manager1@acme.com'}",manager1,manager1
user-account-manager-02,true,"UserIdentity{name: 'Jane', surname: 'Manager', email: 'manager2@acme.com'}",manager2,manager2
user-account-manager-03,true,"UserIdentity{name: 'Pedro', surname: 'Manager', email: 'manager3@acme.com'}",manager3,manager3
user-account-manager-04,true,"UserIdentity{name: 'Manolo', surname: 'Manager', email: 'manager4@acme.com'}",manager4,manager4
user-account-manager-05,true,"UserIdentity{name: 'Juan', surname: 'Manager', email: 'manager5@acme.com'}",manager5,manager5
user-account-manager-06,true,"UserIdentity{name: 'Victor', surname: 'Manager', email: 'manager6@acme.com'}",manager6,manager6
user-account-manager-07,true,"UserIdentity{name: 'Alberto', surname: 'Manager', email: 'manager7@acme.com'}",manager7,manager7
user-account-manager-08,true,"UserIdentity{name: 'Manager08', surname: 'Manager', email: 'manager8@acme.com'}",manager8,manager8
user-account-manager-09,true,"UserIdentity{name: 'Manager09', surname: 'Manager', email: 'manager9@acme.com'}",manager9,manager9
user-account-manager-10,true,"UserIdentity{name: 'Manager10', surname: 'Manager', email: 'manager10@acme.com'}",manager10,manager10
user-account-manager-11,true,"UserIdentity{name: 'Manager11', surname: 'Manager', email: 'manager11@acme.com'}",manager11,manager11
user-account-manager-12,true,"UserIdentity{name: 'Manager12', surname: 'Manager', email: 'manager12@acme.com'}",manager12,manager12
user-account-manager-13,true,"UserIdentity{name: 'Manager13', surname: 'Manager', email: 'manager13@acme.com'}",manager13,manager13
user-account-manager-14,true,"UserIdentity{name: 'Manager14', surname: 'Manager', email: 'manager14@acme.com'}",manager14,manager14
user-account-manager-15,true,"UserIdentity{name: 'Manager15', surname: 'Manager', email: 'manager15@acme.com'}",manager15,manager15
user-account-manager-16,true,"UserIdentity{name: 'Manager16', surname: 'Manager', email: 'manager16@acme.com'}",manager16,manager16
user-account-manager-17,true,"UserIdentity{name: 'Manager17', surname: 'Manager', email: 'a@b.es'}",manager17,manager17
user-account-manager-18,true,"UserIdentity{name: 'Manager18', surname: 'Manager', email: 'a@b.esx'}",manager18,manager18
user-account-manager-19,true,"UserIdentity{name: 'Manager19', surname: 'Manager', email: 'lorem-ipsum@dolor.sit.amets.consectetur.adipiscing.elits.sed.do.eiusmod.tempor.incididunt.ut.labore.et.dolore.magna.aliqua.Ut.enim.ad.minim.veniam.quis.nostrud.exercitation.ullamco.laboris.nisi.ut.aliquip.ex.ea.commodo.consequat.duis.aute.irure.dolor.es'}",manager19,manager19
user-account-manager-20,true,"UserIdentity{name: 'Manager20', surname: 'Manager', email: 'lorem-ipsum@dolor.sit.amets.consectetur.adipiscing.elits.sed.do.eiusmod.tempor.incididunt.ut.labore.et.dolore.magna.aliqua.Ut.enim.ad.minim.veniam.quis.nostrud.exercitation.ullamco.laboris.nisi.ut.aliquip.ex.ea.commodo.consequat.duis.aute.irure.dolor.org'}",manager20,manager20
user-account-manager-21,true,"UserIdentity{name: 'Manager21', surname: 'Manager', email: 'acme-password@lorem-ipsum.org'}",manager21,manager21
user-account-manager-22,true,"UserIdentity{name: 'Manager22', surname: 'Manager', email: 'manager22@acme.com'}",manager22,manager22
user-account-manager-23,true,"UserIdentity{name: 'Manager23', surname: 'Manager', email: 'manager23@acme.com'}",manager23,manager23
user-account-manager-24,true,"UserIdentity{name: 'Manager24', surname: 'Manager', email: 'manager24@acme.com'}",manager24,manager24
user-account-manager-25,true,"UserIdentity{name: 'Manager25', surname: 'Manager', email: 'manager25@acme.com'}",manager25,manager25
user-account-manager-26,true,"UserIdentity{name: 'Manager26', surname: 'Manager', email: 'manager26@acme.com'}",manager26,manager26
user-account-manager-27,true,"UserIdentity{name: 'Manager27', surname: 'Manager', email: 'manager27@acme.com'}",manager27,manager27
user-account-manager-28,true,"UserIdentity{name: 'Manager28', surname: 'Manager', email: 'manager28@acme.com'}",manager28,manager28
user-account-manager-29,true,"UserIdentity{name: 'Manager29', surname: 'Manager', email: 'manager29@acme.com'}",manager29,manager29
user-account-manager-30,true,"UserIdentity{name: 'Manager30', surname: 'Manager', email: 'manager30@acme.com'}",manager30,manager30
user-account-manager-31,true,"UserIdentity{name: 'Manager31', surname: 'Manager', email: 'manager31@acme.com'}",manager31,manager31
user-account-manager-32,true,"UserIdentity{name: 'Manager32', surname: 'Manager', email: 'manager32@acme.com'}",manager32,manager32
user-account-manager-33,true,"UserIdentity{name: 'Manager33', surname: 'Manager', email: 'manager33@acme.com'}",manager33,manager33
user-account-manager-34,true,"UserIdentity{name: 'Manager34', surname: 'Manager', email: 'manager34@acme.com'}",manager34,manager34
user-account-manager-35,true,"UserIdentity{name: 'Manager35', surname: 'Manager', email: 'manager35@acme.com'}",manager35,manager35
user-account-manager-36,true,"UserIdentity{name: 'Manager36', surname: 'Manager', email: 'manager36@acme.com'}",manager36,manager36
user-account-manager-37,true,"UserIdentity{name: 'Manager37', surname: 'Manager', email: 'manager37@acme.com'}",manager37,manager37
user-account-manager-38,true,"UserIdentity{name: 'Manager38', surname: 'Manager', email: 'manager38@acme.com'}",manager38,manager38
user-account-manager-39,true,"UserIdentity{name: 'Manager39', surname: 'Manager', email: 'manager39@acme.com'}",manager39,manager39
user-account-manager-40,true,"UserIdentity{name: 'Manager40', surname: 'Manager', email: 'manager40@acme.com'}",manager40,manager40
user-account-manager-41,true,"UserIdentity{name: 'Manager41', surname: 'Manager', email: 'manager41@acme.com'}",manager41,manager41
user-account-manager-42,true,"UserIdentity{name: 'Manager42', surname: 'Manager', email: 'manager42@acme.com'}",manager42,manager42
user-account-manager-43,true,"UserIdentity{name: 'Manager43', surname: 'Manager', email: 'manager43@acme.com'}",manager43,manager43
user-account-manager-44,true,"UserIdentity{name: 'Manager44', surname: 'Manager', email: 'manager44@acme.com'}",manager44,manager44
user-account-client-01,true,"UserIdentity{name: 'Client1', surname: 'Client', email: 'client1@acme.com'}",client1,client1
user-account-client-02,true,"UserIdentity{name: 'Client2', surname: 'Client', email: 'client2@acme.com'}",client2,client2
user-account-client-03,true,"UserIdentity{name: 'Client3', surname: 'Client', email: 'client3@acme.com'}",client3,client3
user-account-client-04,true,"UserIdentity{name: 'Client4', surname: 'Client', email: 'client4@acme.com'}",client4,client4
user-account-client-05,true,"UserIdentity{name: 'Client5', surname: 'Client', email: 'client5@acme.com'}",client5,client5
user-account-client-06,true,"UserIdentity{name: 'Client6', surname: 'Client', email: 'client6@acme.com'}",client6,client6
user-account-client-07,true,"UserIdentity{name: 'Client7', surname: 'Client', email: 'client7@acme.com'}",client7,client7
user-account-client-08,true,"UserIdentity{name: 'Client8', surname: 'Client', email: 'client8@acme.com'}",client8,client8
user-account-client-09,true,"UserIdentity{name: 'Client9', surname: 'Client', email: 'client9@acme.com'}",client9,client9
user-account-client-10,true,"UserIdentity{name: 'Client10', surname: 'Client', email: 'client10@acme.com'}",client10,client10
user-account-client-11,true,"UserIdentity{name: 'Client11', surname: 'Client', email: 'client11@acme.com'}",client11,client11
user-account-client-12,true,"UserIdentity{name: 'Client12', surname: 'Client', email: 'client12@acme.com'}",client12,client12
user-account-client-13,true,"UserIdentity{name: 'Client13', surname: 'Client', email: 'client13@acme.com'}",client13,client13
user-account-client-14,true,"UserIdentity{name: 'Client14', surname: 'Client', email: 'client14@acme.com'}",client14,client14
user-account-client-15,true,"UserIdentity{name: 'Client15', surname: 'Client', email: 'client15@acme.com'}",client15,client15
user-account-client-16,true,"UserIdentity{name: 'Client16', surname: 'Client', email: 'client16@acme.com'}",client16,client16
user-account-client-17,true,"UserIdentity{name: 'Client17', surname: 'Client', email: 'client17@acme.com'}",client17,client17
user-account-client-18,true,"UserIdentity{name: 'Client18', surname: 'Client', email: 'client18@acme.com'}",client18,client18
user-account-client-19,true,"UserIdentity{name: 'Client19', surname: 'Client', email: 'client19@acme.com'}",client19,client19
user-account-client-20,true,"UserIdentity{name: 'Client20', surname: 'Client', email: 'client20@acme.com'}",client20,client20
user-account-client-21,true,"UserIdentity{name: 'Client21', surname: 'Client', email: 'client21@acme.com'}",client21,client21
user-account-client-22,true,"UserIdentity{name: 'Client22', surname: 'Client', email: 'client22@acme.com'}",client22,client22
user-account-client-23,true,"UserIdentity{name: 'Client23', surname: 'Client', email: 'client23@acme.com'}",client23,client23
user-account-client-24,true,"UserIdentity{name: 'Client24', surname: 'Client', email: 'client24@acme.com'}",client24,client24
user-account-client-25,true,"UserIdentity{name: 'Client25', surname: 'Client', email: 'client25@acme.com'}",client25,client25
user-account-client-26,true,"UserIdentity{name: 'Client26', surname: 'Client', email: 'client26@acme.com'}",client26,client26
user-account-client-27,true,"UserIdentity{name: 'Client27', surname: 'Client', email: 'client27@acme.com'}",client27,client27
user-account-client-28,true,"UserIdentity{name: 'Client28', surname: 'Client', email: 'client28@acme.com'}",client28,client28
user-account-developer-01,true,"UserIdentity{name: 'Albert', surname: 'Developer', email: 'albert@acme.com'}",developer1,developer1
user-account-developer-02,true,"UserIdentity{name: 'Andrew', surname: 'Developer', email: 'andrew@acme.com'}",developer2,developer2
user-account-developer-03,true,"UserIdentity{name: 'Albert', surname: 'Developer', email: 'albert@acme.com'}",developer3,developer3
user-account-developer-04,true,"UserIdentity{name: 'Albert', surname: 'Developer', email: 'albert@acme.com'}",developer4,developer4
user-account-developer-05,true,"UserIdentity{name: 'Albert', surname: 'Developer', email: 'albert@acme.com'}",developer5,developer5
user-account-developer-06,true,"UserIdentity{name: 'Albert', surname: 'Developer', email: 'albert@acme.com'}",developer6,developer6
user-account-developer-07,true,"UserIdentity{name: 'Albert', surname: 'Developer', email: 'albert@acme.com'}",developer7,developer7
user-account-developer-08,true,"UserIdentity{name: 'Albert', surname: 'Developer', email: 'albert@acme.com'}",developer8,developer8
user-account-developer-09,true,"UserIdentity{name: 'Albert', surname: 'Developer', email: 'albert@acme.com'}",developer9,developer9
user-account-developer-10,true,"UserIdentity{name: 'Albert', surname: 'Developer', email: 'albert@acme.com'}",developer10,developer10
user-account-developer-11,true,"UserIdentity{name: 'Albert', surname: 'Developer', email: 'albert@acme.com'}",developer11,developer11
user-account-developer-12,true,"UserIdentity{name: 'Albert', surname: 'Developer', email: 'albert@acme.com'}",developer12,developer12
user-account-developer-13,true,"UserIdentity{name: 'Albert', surname: 'Developer', email: 'albert@acme.com'}",developer13,developer13
user-account-developer-14,true,"UserIdentity{name: 'Albert', surname: 'Developer', email: 'albert@acme.com'}",developer14,developer14
user-account-developer-15,true,"UserIdentity{name: 'Albert', surname: 'Developer', email: 'albert@acme.com'}",developer15,developer15
user-account-developer-16,true,"UserIdentity{name: 'Albert', surname: 'Developer', email: 'albert@acme.com'}",developer16,developer16
user-account-developer-17,true,"UserIdentity{name: 'Albert', surname: 'Developer', email: 'albert@acme.com'}",developer17,developer17
user-account-developer-18,true,"UserIdentity{name: 'Albert', surname: 'Developer', email: 'albert@acme.com'}",developer18,developer18
user-account-developer-19,true,"UserIdentity{name: 'Albert', surname: 'Developer', email: 'albert@acme.com'}",developer19,developer19
user-account-developer-20,true,"UserIdentity{name: 'Albert', surname: 'Developer', email: 'albert@acme.com'}",developer20,developer20
user-account-developer-21,true,"UserIdentity{name: 'Albert', surname: 'Developer', email: 'albert@acme.com'}",developer21,developer21
user-account-developer-22,true,"UserIdentity{name: 'Albert', surname: 'Developer', email: 'albert@acme.com'}",developer22,developer22
user-account-developer-23,true,"UserIdentity{name: 'Albert', surname: 'Developer', email: 'albert@acme.com'}",developer23,developer23
user-account-developer-24,true,"UserIdentity{name: 'Albert', surname: 'Developer', email: 'albert@acme.com'}",developer24,developer24
user-account-developer-25,true,"UserIdentity{name: 'Albert', surname: 'Developer', email: 'albert@acme.com'}",developer25,developer25
user-account-developer-26,true,"UserIdentity{name: 'Albert', surname: 'Developer', email: 'albert@acme.com'}",developer26,developer26
user-account-developer-27,true,"UserIdentity{name: 'Albert', surname: 'Developer', email: 'albert@acme.com'}",developer27,developer27
user-account-developer-28,true,"UserIdentity{name: 'Albert', surname: 'Developer', email: 'albert@acme.com'}",developer28,developer28
user-account-developer-29,true,"UserIdentity{name: 'Albert', surname: 'Developer', email: 'albert@acme.com'}",developer29,developer29
user-account-developer-30,true,"UserIdentity{name: 'Albert', surname: 'Developer', email: 'albert@acme.com'}",developer30,developer30
user-account-developer-31,true,"UserIdentity{name: 'Albert', surname: 'Developer', email: 'albert@acme.com'}",developer31,developer31
user-account-developer-32,true,"UserIdentity{name: 'Albert', surname: 'Developer', email: 'albert@acme.com'}",developer32,developer32
user-account-developer-33,true,"UserIdentity{name: 'Albert', surname: 'Developer', email: 'albert@acme.com'}",developer33,developer33
user-account-developer-34,true,"UserIdentity{name: 'Albert', surname: 'Developer', email: 'albert@acme.com'}",developer34,developer34
user-account-developer-35,true,"UserIdentity{name: 'Albert', surname: 'Developer', email: 'albert@acme.com'}",developer35,developer35
user-account-developer-36,true,"UserIdentity{name: 'Albert', surname: 'Developer', email: 'albert@acme.com'}",developer36,developer36
user-account-developer-37,true,"UserIdentity{name: 'Albert', surname: 'Developer', email: 'albert@acme.com'}",developer37,developer37
user-account-sponsor-01,true,"UserIdentity{name: 'Peter', surname: 'Sponsor', email: 'peter@acme.com'}",sponsor1,sponsor1
user-account-sponsor-02,true,"UserIdentity{name: 'John', surname: 'Sponsor', email: 'john@acme.com'}",sponsor2,sponsor2
user-account-sponsor-03,true,"UserIdentity{name: 'Alice', surname: 'Sponsor', email: 'alice@acme.com'}",sponsor3,sponsor3
user-account-sponsor-04,true,"UserIdentity{name: 'Emma', surname: 'Sponsor', email: 'emma@acme.com'}",sponsor4,sponsor4
user-account-sponsor-05,true,"UserIdentity{name: 'David', surname: 'Sponsor', email: 'david@acme.com'}",sponsor5,sponsor5
user-account-sponsor-06,true,"UserIdentity{name: 'Sophia', surname: 'Sponsor', email: 'sophia@acme.com'}",sponsor6,sponsor6
user-account-sponsor-07,true,"UserIdentity{name: 'James', surname: 'Sponsor', email: 'james@acme.com'}",sponsor7,sponsor7
user-account-sponsor-08,true,"UserIdentity{name: 'Olivia', surname: 'Sponsor', email: 'olivia@acme.com'}",sponsor8,sponsor8
user-account-sponsor-09,true,"UserIdentity{name: 'William', surname: 'Sponsor', email: 'william@acme.com'}",sponsor9,sponsor9
user-account-sponsor-10,true,"UserIdentity{name: 'Peter', surname: 'Sponsor', email: 'peter@acme.com'}",sponsor10,sponsor10
user-account-sponsor-11,true,"UserIdentity{name: 'John', surname: 'Sponsor', email: 'john@acme.com'}",sponsor11,sponsor11
user-account-sponsor-12,true,"UserIdentity{name: 'Alice', surname: 'Sponsor', email: 'alice@acme.com'}",sponsor12,sponsor12
user-account-sponsor-13,true,"UserIdentity{name: 'Emma', surname: 'Sponsor', email: 'emma@acme.com'}",sponsor13,sponsor13
user-account-sponsor-14,true,"UserIdentity{name: 'David', surname: 'Sponsor', email: 'david@acme.com'}",sponsor14,sponsor14
user-account-sponsor-15,true,"UserIdentity{name: 'Sophia', surname: 'Sponsor', email: 'sophia@acme.com'}",sponsor15,sponsor15
user-account-sponsor-16,true,"UserIdentity{name: 'James', surname: 'Sponsor', email: 'james@acme.com'}",sponsor16,sponsor16
user-account-sponsor-17,true,"UserIdentity{name: 'Olivia', surname: 'Sponsor', email: 'olivia@acme.com'}",sponsor17,sponsor17
user-account-sponsor-18,true,"UserIdentity{name: 'William', surname: 'Sponsor', email: 'william@acme.com'}",sponsor18,sponsor18
user-account-auditor-01,true,"UserIdentity{name: 'Au', surname: 'Auditor', email: 'auditor1@acme.com'}",auditor1,auditor1
user-account-auditor-02,true,"UserIdentity{name: 'Ditor', surname: 'Auditor', email: 'auditor2@acme.com'}",auditor2,auditor2
user-account-auditor-03,true,"UserIdentity{name: '국민경제의 발전을', surname: '국민경제의 발전을', email: 'a@a.a'}",auditor3,auditor3
user-account-auditor-04,true,"UserIdentity{name: '<h1>!</h1>', surname: '<h1>!</h1>', email: 'lorem-ipsum@dolor.sit.amet.consectetur.adipiscing.elit.sed.do.eiusmod.tempor.incididunt.ut.labore.et.dolore.magna.aliqua.Ut.enim.ad.minim.veniam.quis.nostrud.exercitation.ullamco.laboris.nisi.ut.aliquip.ex.ea.commodo.consequat.duis.aute.irure.doloret.org'}", auditor4, auditor4
user-account-auditor-05,true,"UserIdentity{name: 'العظمى واعتلاء', surname: 'العظمى واعتلاء', email: 'lorem-ipsum@dolor.sit.amet.consectetur.adipiscing.elit.sed.do.eiusmod.tempor.incididunt.ut.labore.et.dolore.magna.aliqua.Ut.enim.ad.minim.veniam.quis.nostrud.exercitation.ullamco.laboris.nisi.ut.aliquip.ex.ea.commodo.consequat.duis.aute.irure.dolorete.org'}",auditor5,auditor5
user-account-auditor-06,true,"UserIdentity{name: 'William', surname: 'Afton', email: 'acme_password@lorem-ipsum.org'}",auditor6,auditor6
user-account-auditor-07,true,"UserIdentity{name: 'Sarkhan', surname: 'Vol', email: 'auditor7@gmail.com'}",auditor7,auditor7
user-account-auditor-08,true,"UserIdentity{name: 'Jace', surname: 'Auditor', email: 'auditor8@gmail.com'}",auditor8,auditor8
user-account-auditor-09,true,"UserIdentity{name: 'Liliana', surname: 'Auditor', email: 'auditor9@gmail.com'}",auditor9,auditor9
user-account-auditor-10,true,"UserIdentity{name: 'Abraham', surname: 'Auditor', email: 'auditor10@gmail.com'}",auditor10,auditor10
user-account-auditor-11,true,"UserIdentity{name: 'Tobias', surname: 'Auditor', email: 'auditor11@gmail.com'}",auditor11,auditor11
user-account-auditor-12,true,"UserIdentity{name: 'Austin', surname: 'Auditor', email: 'auditor12@gmail.com'}",auditor12,auditor12
user-account-auditor-13,true,"UserIdentity{name: 'Barrin', surname: 'Auditor', email: 'auditor13@gmail.com'}",auditor13,auditor13
user-account-auditor-14,true,"UserIdentity{name: 'Cain', surname: 'Auditor', email: 'auditor14@gmail.com'}",auditor14,auditor14
user-account-auditor-15,true,"UserIdentity{name: 'Dareth', surname: 'Auditor', email: 'auditor15@gmail.com'}",auditor15,auditor15
user-account-auditor-16,true,"UserIdentity{name: 'Emily', surname: 'Auditor', email: 'auditor16@gmail.com'}",auditor16,auditor16
user-account-auditor-17,true,"UserIdentity{name: 'Freddy', surname: 'Auditor', email: 'auditor17@gmail.com'}",auditor17,auditor17
user-account-auditor-18,true,"UserIdentity{name: 'Gerard', surname: 'Auditor', email: 'auditor18@gmail.com'}",auditor18,auditor18
user-account-auditor-19,true,"UserIdentity{name: 'Harold', surname: 'Auditor', email: 'auditor19@gmail.com'}",auditor19,auditor19
user-account-auditor-20,true,"UserIdentity{name: 'Ignatius', surname: 'Auditor', email: 'auditor20@gmail.com'}",auditor20,auditor20
user-account-auditor-21,true,"UserIdentity{name: 'Jake', surname: 'Auditor', email: 'auditor21@gmail.com'}",auditor21,auditor21
user-account-auditor-22,true,"UserIdentity{name: 'Keith', surname: 'Auditor', email: 'auditor22@gmail.com'}",auditor22,auditor22
user-account-auditor-23,true,"UserIdentity{name: 'Leonardo', surname: 'Auditor', email: 'auditor23@gmail.com'}",auditor23,auditor23
user-account-auditor-24,true,"UserIdentity{name: 'Maria', surname: 'Auditor', email: 'auditor24@gmail.com'}",auditor24,auditor24
user-account-auditor-25,true,"UserIdentity{name: 'Noah', surname: 'Auditor', email: 'auditor25@gmail.com'}",auditor25,auditor25
user-account-auditor-26,true,"UserIdentity{name: 'Oscar', surname: 'Auditor', email: 'auditor26@gmail.com'}",auditor26,auditor26
user-account-auditor-27,true,"UserIdentity{name: 'Paco', surname: 'Auditor', email: 'auditor27@gmail.com'}",auditor27,auditor27
user-account-auditor-28,true,"UserIdentity{name: 'Quandrix', surname: 'Auditor', email: 'auditor28@gmail.com'}",auditor28,auditor28
user-account-auditor-29,true,"UserIdentity{name: 'Reginald', surname: 'Auditor', email: 'auditor29@gmail.com'}",auditor29,auditor29
user-account-auditor-30,true,"UserIdentity{name: 'Sophia', surname: 'Auditor', email: 'auditor30@gmail.com'}",auditor30,auditor30
user-account-auditor-31,true,"UserIdentity{name: 'Troy', surname: 'Auditor', email: 'auditor31@gmail.com'}",auditor31,auditor31
user-account-auditor-32,true,"UserIdentity{name: 'Ulfric', surname: 'Auditor', email: 'auditor32@gmail.com'}",auditor32,auditor32
user-account-auditor-33,true,"UserIdentity{name: 'Vivien', surname: 'Auditor', email: 'auditor33@gmail.com'}",auditor33,auditor33
user-account-auditor-34,true,"UserIdentity{name: 'Winston', surname: 'Auditor', email: 'auditor34@gmail.com'}",auditor34,auditor34
user-account-auditor-35,true,"UserIdentity{name: 'Xander', surname: 'Auditor', email: 'auditor35@gmail.com'}",auditor35,auditor35
user-account-auditor-36,true,"UserIdentity{name: 'Yolanda', surname: 'Auditor', email: 'auditor36@gmail.com'}",auditor36,auditor36
user-account-auditor-37,true,"UserIdentity{name: 'Zagreus', surname: 'Auditor', email: 'auditor37@gmail.com'}",auditor37,auditor37
user-account-auditor-38,true,"UserIdentity{name: 'Angel', surname: 'Auditor', email: 'auditor38@gmail.com'}",auditor38,auditor38
user-account-auditor-39,true,"UserIdentity{name: 'Beatrice', surname: 'Auditor', email: 'auditor39@gmail.com'}",auditor39,auditor39
user-account-auditor-40,true,"UserIdentity{name: 'Cordelius', surname: 'Auditor', email: 'auditor40@gmail.com'}",auditor40,auditor40
user-account-auditor-41,true,"UserIdentity{name: 'Darius', surname: 'Auditor', email: 'auditor41@gmail.com'}",auditor41,auditor41
user-account-auditor-42,true,"UserIdentity{name: 'Emilio', surname: 'Auditor', email: 'auditor42@gmail.com'}",auditor42,auditor42
user-account-auditor-43,true,"UserIdentity{name: 'Farengar', surname: 'Auditor', email: 'auditor43@gmail.com'}",auditor43,auditor43
user-account-auditor-44,true,"UserIdentity{name: 'Galadriel', surname: 'Auditor', email: 'auditor44@gmail.com'}",auditor44,auditor44