key,key:project,key:user-story
user-story-assign-01,project-01,user-story-01
user-story-assign-02,project-02,user-story-02
user-story-assign-03,project-03,user-story-03
user-story-assign-04,project-04,user-story-04
user-story-assign-05,project-05,user-story-05
user-story-assign-06,project-06,user-story-06
user-story-assign-07,project-07,user-story-07
user-story-assign-08,project-08,user-story-08
user-story-assign-09,project-09,user-story-09
user-story-assign-10,project-09,user-story-10
user-story-assign-11,project-10,user-story-11
user-story-assign-12,project-05,user-story-12
user-story-assign-13,project-01,user-story-13
user-story-assign-14,project-02,user-story-14
user-story-assign-15,project-03,user-story-15
user-story-assign-16,project-04,user-story-16